[{"name":"configs","qualifiedName":"configs","href":"configs_configs/configs_configs-library.html","type":"library","overriddenDepth":0,"packageName":"document_scanner_flutter"},{"name":"ScannerFileSource","qualifiedName":"configs.ScannerFileSource","href":"configs_configs/ScannerFileSource-class.html","type":"enum","overriddenDepth":0,"packageName":"document_scanner_flutter","enclosedBy":{"name":"configs","type":"library"}},{"name":"toString","qualifiedName":"configs.ScannerFileSource.toString","href":"configs_configs/ScannerFileSource/toString.html","type":"method","overriddenDepth":1,"packageName":"document_scanner_flutter","enclosedBy":{"name":"ScannerFileSource","type":"enum"}},{"name":"ScannerLabelsConfig","qualifiedName":"configs.ScannerLabelsConfig","href":"configs_configs/ScannerLabelsConfig-class.html","type":"enum","overriddenDepth":0,"packageName":"document_scanner_flutter","enclosedBy":{"name":"configs","type":"library"}},{"name":"toString","qualifiedName":"configs.ScannerLabelsConfig.toString","href":"configs_configs/ScannerLabelsConfig/toString.html","type":"method","overriddenDepth":1,"packageName":"document_scanner_flutter","enclosedBy":{"name":"ScannerLabelsConfig","type":"enum"}},{"name":"document_scanner_flutter","qualifiedName":"document_scanner_flutter","href":"document_scanner_flutter/document_scanner_flutter-library.html","type":"library","overriddenDepth":0,"packageName":"document_scanner_flutter"},{"name":"DocumentScannerFlutter","qualifiedName":"document_scanner_flutter.DocumentScannerFlutter","href":"document_scanner_flutter/DocumentScannerFlutter-class.html","type":"class","overriddenDepth":0,"packageName":"document_scanner_flutter","enclosedBy":{"name":"document_scanner_flutter","type":"library"}},{"name":"DocumentScannerFlutter","qualifiedName":"document_scanner_flutter.DocumentScannerFlutter.DocumentScannerFlutter","href":"document_scanner_flutter/DocumentScannerFlutter/DocumentScannerFlutter.html","type":"constructor","overriddenDepth":0,"packageName":"document_scanner_flutter","enclosedBy":{"name":"DocumentScannerFlutter","type":"class"}},{"name":"launch","qualifiedName":"document_scanner_flutter.DocumentScannerFlutter.launch","href":"document_scanner_flutter/DocumentScannerFlutter/launch.html","type":"method","overriddenDepth":0,"packageName":"document_scanner_flutter","enclosedBy":{"name":"DocumentScannerFlutter","type":"class"}},{"name":"launchForPdf","qualifiedName":"document_scanner_flutter.DocumentScannerFlutter.launchForPdf","href":"document_scanner_flutter/DocumentScannerFlutter/launchForPdf.html","type":"method","overriddenDepth":0,"packageName":"document_scanner_flutter","enclosedBy":{"name":"DocumentScannerFlutter","type":"class"}}]
